title,link
"Dressup.ge - ონლაინ მაღაზია | ტანსაცმელი, ფეხსაცმელი, აქსესუარები | საერთაშორისო ბრენდები | უფასო მიტანა",
,/ka/53218-274596-%E1%83%A1%E1%83%90%E1%83%A1%E1%83%90%E1%83%A9%E1%83%A3%E1%83%A5%E1%83%A0%E1%83%94-%E1%83%91%E1%83%90%E1%83%A0%E1%83%90%E1%83%97%E1%83%982.html#/478-%E1%83%A6%E1%83%98%E1%83%A0%E1%83%94%E1%83%91%E1%83%A3%E1%83%9A%E1%83%94%E1%83%91%E1%83%90-%E1%83%90%E1%83%98%E1%83%A0%E1%83%A9%E1%83%98%E1%83%94%E1%83%97_%E1%83%A6%E1%83%98%E1%83%A0%E1%83%94%E1%83%91%E1%83%A3%E1%83%9A%E1%83%94%E1%83%91%E1%83%90
,https://dressup.ge/ka/brands
,
,https://dressup.ge/en/?gclid=EAIaIQobChMI_9m9mpia_wIV1pV7Ch3hZQgrEAEYASAAEgI58fD_BwE
,https://dressup.ge/ka/?gclid=EAIaIQobChMI_9m9mpia_wIV1pV7Ch3hZQgrEAEYASAAEgI58fD_BwE
,//dressup.ge/ka/module/iqitwishlist/view
,https://dressup.ge/
,
,https://dressup.ge/new-products
,https://dressup.ge/ka/1368-online-exclusive
,https://dressup.ge/ka/74-qali
,https://dressup.ge/ka/7-qalis-tansacmeli
,https://dressup.ge/ka/10-qalis-fexsacmeli
,https://dressup.ge/ka/13-qalis-aqsesuarebi
,https://dressup.ge/ka/1258-qali
,https://dressup.ge/ka/7-qalis-tansacmeli
,https://dressup.ge/ka/16-qalis-jinsi
,https://dressup.ge/ka/17-qalis_sharvali
,https://dressup.ge/ka/1364-ლეგინსი
,https://dressup.ge/ka/1365-სპორტული-შარვალი
,https://dressup.ge/ka/18-qalis_shorti
,https://dressup.ge/ka/19-qalis-maisuri
,https://dressup.ge/ka/20-პერანგი-ბლუზი
,https://dressup.ge/ka/21-qalis-jempri-jaketi
,https://dressup.ge/ka/22-qalis_qurtuki
,https://dressup.ge/ka/23-qalis_jileti
,https://dressup.ge/ka/24-qalis_pijaki
,https://dressup.ge/ka/25-qalis-kaba
,https://dressup.ge/ka/26-qalis_qvedabolo
,https://dressup.ge/ka/27-qalis_kombinizoni
,https://dressup.ge/ka/89-qalis-tetreuli
,https://dressup.ge/ka/1324-biusthalteri
,https://dressup.ge/ka/1325-trusi
,https://dressup.ge/ka/1326-mtliani-tetreuli
,https://dressup.ge/ka/1327-gamis-tetreuli
,https://dressup.ge/ka/1328-tetreulis-aqsesuarebi
,https://dressup.ge/ka/1315-qali-sacurao-kostumi
,https://dressup.ge/ka/1331-sacurao-busthalteri
,https://dressup.ge/ka/1332--
,https://dressup.ge/ka/1333-sacurao-kostumi
,https://dressup.ge/ka/1334-საზღვაო-ტუნიკი
,https://dressup.ge/ka/1335-საზღვაო-პარეო
,https://dressup.ge/ka/brand/93-adidas
,https://dressup.ge/ka/brand/79-birkenstock
,https://dressup.ge/ka/brand/117-etam
,https://dressup.ge/ka/brand/96-gant
,https://dressup.ge/ka/brand/85-greyder
,https://dressup.ge/ka/brand/83-guess
,https://dressup.ge/ka/brand/73-lacoste
,https://dressup.ge/ka/brand/4-lee
,https://dressup.ge/ka/brand/5-levis
,https://dressup.ge/ka/brand/52-mavi
,https://dressup.ge/ka/brand/95-nike
,https://dressup.ge/ka/brand/80-nº21
,https://dressup.ge/ka/brand/97-only
,https://dressup.ge/ka/brand/8-wrangler
,http://dressup.ge/ka/10-qalis-fexsacmeli
,https://dressup.ge/ka/37-qalis-fexsacmeli-klasikuri
,https://dressup.ge/ka/38-qalis-fexsacmeli-yoveldgiuri
,https://dressup.ge/ka/39-qalis-fexasacmeli-kedi-sportuli
,https://dressup.ge/ka/1288-qalis-fexsacmeli-espadrili
,https://dressup.ge/ka/40-qalis-fexsacmeli-shuzi-batinki
,https://dressup.ge/ka/41-qalis-fexsacmeli-cheqma-naxevarcheqma
,https://dressup.ge/ka/42-chusti-sandali-qoshi
,https://dressup.ge/ka/43-qalis-fexsacmeli-quslze
,https://dressup.ge/ka/77-qalis-fexsacmeli-aqsesuarebi
,https://dressup.ge/ka/1319-qalis-fexsacmeli-movlis-sashualebebi
,https://dressup.ge/ka/1320-supinatori
,https://dressup.ge/ka/1321-mashveli
,https://dressup.ge/ka/77-qalis-fexsacmeli-aqsesuarebi
,https://dressup.ge/ka/1319-qalis-fexsacmeli-movlis-sashualebebi
,https://dressup.ge/ka/1320-supinatori
,https://dressup.ge/ka/1321-mashveli
,https://dressup.ge/ka/13-qalis-aqsesuarebi
,https://dressup.ge/ka/54-qalis-chanta
,https://dressup.ge/ka/50-qalis-sharfi
,https://dressup.ge/ka/51-qalis-xeltatmani
,https://dressup.ge/ka/52-qalis-safule
,https://dressup.ge/ka/86-qalis-bendena
,https://dressup.ge/ka/53-qalis-qamari
,https://dressup.ge/ka/1308-qalis-saatebi
,https://dressup.ge/ka/55-qalis-qudi
,https://dressup.ge/ka/56-qalis-winda
,https://dressup.ge/ka/57-qalis-satvale
,https://dressup.ge/ka/1386-სამგზავრო-ბალიში
,https://dressup.ge/ka/1387-ქოლგა
,https://dressup.ge/ka/1399-qalis-sunamo
,https://dressup.ge/ka/1306-samkauli
,https://dressup.ge/ka/1309-bechedi
,https://dressup.ge/ka/1310-sayure
,https://dressup.ge/ka/1311-womens-yelsabami
,https://dressup.ge/ka/90-qalis-samajuri
,https://dressup.ge/ka/1389-ჩანთის-სანიშნი
,https://dressup.ge/ka/1398-ჩანთის-სანიშნი
,https://dressup.ge/ka/1395-ჩანთის-ჩასადები
,https://dressup.ge/ka/1391-საკეტი
,https://dressup.ge/ka/1298-sxva
,https://dressup.ge/ka/92-qalis-halstuxi
,https://dressup.ge/ka/93-qalis-achimebi
,https://dressup.ge/ka/91-qalis-matara
,https://dressup.ge/ka/87-qalis-gsaagebis-sakidi
,https://dressup.ge/ka/1312-qalis-tmis-aqsesuari
,https://dressup.ge/ka/1313-qalis-pirsakhoci
,https://dressup.ge/ka/1261-qalis-fexsacmeli
,https://dressup.ge/ka/1267-klasikuri
,https://dressup.ge/ka/1268-yoveldxiuri
,https://dressup.ge/ka/1269-kedi-sportuli
,https://dressup.ge/ka/1270-shuzi-batinki
,https://dressup.ge/ka/1271-cheqma-naxevarcheqma
,https://dressup.ge/ka/1272-sandali-qoshi
,https://dressup.ge/ka/1273-quslze
,https://dressup.ge/ka/1274-movlis-sashualebebi
,https://dressup.ge/ka/1262-qalis-aqsesuarebi
,https://dressup.ge/ka/1293-atrio-qalis-sharfi
,https://dressup.ge/ka/1281-qalis-safuleebi
,https://dressup.ge/ka/1282-qalis-qamrebi
,https://dressup.ge/ka/1265-qalis-chantebi
,https://dressup.ge/ka/1292-atrio-qalis-samajuri
,https://dressup.ge/ka/1291-gasagebis-sakidi
,https://dressup.ge/ka/75-mamakaci
,https://dressup.ge/ka/1368-online-exclusive
,https://dressup.ge/ka/1259-mamakaci
,https://dressup.ge/ka/1363-ბოლო-ერთეულები
,https://dressup.ge/ka/1318-ქართული-ბრენდები
,https://dressup.ge/ka/1369-სასაჩუქრე-ბარათები
,https://dressup.ge/ka/8-mamakacis-tansacmeli
,https://dressup.ge/ka/28-mamakacis-jinsi
,https://dressup.ge/ka/29-mamakacis-sharvali
,https://dressup.ge/ka/1366-სპორტული-შარვალი
,https://dressup.ge/ka/30-mamakacis-shorti
,https://dressup.ge/ka/31-mamakacis-maisuri
,https://dressup.ge/ka/1367-mamakacis-polo-maisuri
,https://dressup.ge/ka/32-mamakacis-perangi
,https://dressup.ge/ka/33-mamakacis-jempri-jaketi
,https://dressup.ge/ka/34-mamakacis_qurtuki
,https://dressup.ge/ka/35-mamakacis-jileti
,https://dressup.ge/ka/36-mamakacis-pijaki
,https://dressup.ge/ka/1317-qalis_kombinizoni
,https://dressup.ge/ka/63-mamakacis-tetreuli
,https://dressup.ge/ka/1316-mamakacis-sacurao-kostumi
,https://dressup.ge/ka/1380-კაცის-კომპლექტები
,https://dressup.ge/ka/11-mamakacis-fexsacmeli
,https://dressup.ge/ka/44-mamakacis-fexsacmeli-klasikuri
,https://dressup.ge/ka/45-mamakacis-fexsacmeli-yoveldgiuri
,https://dressup.ge/ka/46-mamakacis-fexasacmeli-sportuli-kedi
,https://dressup.ge/ka/1289-mamakacis-fexsacmeli-espadrili
,https://dressup.ge/ka/47-mamakcis-fexsacmeli-shuzi-batinki
,https://dressup.ge/ka/48-mamakcis-fexsacmeli-sandali-chusti
,https://dressup.ge/ka/78-ფეხსაცმლის-აქსესუარები
,https://dressup.ge/ka/1322-mamakacis-fexsacmeli-movlis-sashualebebi
,https://dressup.ge/ka/1371-supinatori
,https://dressup.ge/ka/1372-fekhsacmlis-mashveli
,https://dressup.ge/ka/78-ფეხსაცმლის-აქსესუარები
,https://dressup.ge/ka/1322-mamakacis-fexsacmeli-movlis-sashualebebi
,https://dressup.ge/ka/1371-supinatori
,https://dressup.ge/ka/1372-fekhsacmlis-mashveli
,https://dressup.ge/ka/14-mamakacis-aqsesuarebi
,https://dressup.ge/ka/64-mamakacis-chanta
,https://dressup.ge/ka/58-mamakacis-sharfi
,https://dressup.ge/ka/59-mamakacis-xeltatmani
,https://dressup.ge/ka/60-mamakacis-safule
,https://dressup.ge/ka/61-mamakacis-bendena
,https://dressup.ge/ka/62-mamakacis-qamari
,https://dressup.ge/ka/65-mamakacis-samajuri
,https://dressup.ge/ka/67-mamakacis-qudi
,https://dressup.ge/ka/68-mamakacis-winda
,https://dressup.ge/ka/72-mamakacis-satvale
,https://dressup.ge/ka/1307-mamakacis-saati
,https://dressup.ge/ka/1299-sxva
,https://dressup.ge/ka/70-mamakacis-halstuxi
,https://dressup.ge/ka/71-mamakacis-achimebi
,https://dressup.ge/ka/69-mamakacis-matara
,https://dressup.ge/ka/66-mamakacis-gsaagebis-sakidi
,https://dressup.ge/ka/1314-mamakacis-pirsaxoci
,https://dressup.ge/ka/1375-თერმოსი
,https://dressup.ge/ka/1376-ყავის-ფილტრი
,https://dressup.ge/ka/1377-თერმო-ჭიქა
,https://dressup.ge/ka/1381-სამგზავრო-ბალიში
,https://dressup.ge/ka/1383-ქოლგა
,https://dressup.ge/ka/1384-ჩანთის-სანიშნი
,https://dressup.ge/ka/1263-kaics-fexsacmeli
,https://dressup.ge/ka/1275-fexsacmeli-klasikuri
,https://dressup.ge/ka/1276-yoveldgiuri
,https://dressup.ge/ka/1277-sportuli-kedi
,https://dressup.ge/ka/1278-shuzi-batinki
,https://dressup.ge/ka/1279-sandali-qoshi
,https://dressup.ge/ka/1280-movlis-sashualebebi
,https://dressup.ge/ka/1264-mamakacis-aqsesuarebi
,https://dressup.ge/ka/1283-kacis-safuleebi
,https://dressup.ge/ka/1284-kacis-qamrebi
,https://dressup.ge/ka/1266-kacis-chantebi
,https://dressup.ge/ka/76-bavshvi
,https://dressup.ge/ka/9-bavshvis-tansacmeli
,https://dressup.ge/ka/12-bavshvis-fexsacmeli
,https://dressup.ge/ka/15-bavshvis-aqsesuarebi
,https://dressup.ge/ka/9-bavshvis-tansacmeli
,https://dressup.ge/ka/1336-bavshvis_jinsi
,https://dressup.ge/ka/1337-bavshvis_sharvali
,https://dressup.ge/ka/1338-bavsvhis_shorti
,https://dressup.ge/ka/1339-bavshvis_maisuri
,https://dressup.ge/ka/1340-bavshvis_perangi-bluzi
,https://dressup.ge/ka/1341-bavshvis_jempri-zhaketi
,https://dressup.ge/ka/1342-bavshvis_qurtuki
,https://dressup.ge/ka/1343-bavshvis_zhileti
,https://dressup.ge/ka/1344-bavshvis_pijaki
,https://dressup.ge/ka/1345-bavshvis_kaba
,https://dressup.ge/ka/1346-bavshvis_qvedabolo
,https://dressup.ge/ka/1347-bavshvis_kombinizoni
,https://dressup.ge/ka/1348-bavshvis_tetreuli
,https://dressup.ge/ka/1349-bavshvis_sacurao-kostumebi
,https://dressup.ge/ka/1350-bavshvis_bode
,https://dressup.ge/ka/1351-bavshvis_kompleqtebi
,https://dressup.ge/ka/12-bavshvis-fexsacmeli
,https://dressup.ge/ka/84-bavshvis-fexsacmeli-yoveldgiuri
,https://dressup.ge/ka/49-bavshvis-fexasacmeli-kedi-sportuli
,https://dressup.ge/ka/1290-bavshvis-fexsacmeli-espadrili
,https://dressup.ge/ka/79-bavshvis-fexsacmeli-shuzi-batinki
,https://dressup.ge/ka/1323-bavshvis-fexsacmeli-sandali-chusti
,https://dressup.ge/ka/15-bavshvis-aqsesuarebi
,https://dressup.ge/ka/73-bavshvis-winda
,https://dressup.ge/ka/1352-ჩანთა
,https://dressup.ge/ka/1353-შარფი
,https://dressup.ge/ka/1354-ხელთათმანი
,https://dressup.ge/ka/1355-საფულე
,https://dressup.ge/ka/1356-ბენდენა
,https://dressup.ge/ka/1357-ქამარი
,https://dressup.ge/ka/1358-საათი
,https://dressup.ge/ka/1359-ქუდი
,https://dressup.ge/ka/1360-სათვალე
,https://dressup.ge/ka/1361-სხვა
,https://dressup.ge/prices-drop?order=product.date_add.desc
,https://dressup.ge/ka/1363-ბოლო-ერთეულები
,https://dressup.ge/ka/1368-online-exclusive
,https://dressup.ge/ka/74-qali
,https://dressup.ge/ka/7-qalis-tansacmeli
,https://dressup.ge/ka/16-qalis-jinsi
,https://dressup.ge/ka/17-qalis_sharvali
,https://dressup.ge/ka/1364-ლეგინსი
,https://dressup.ge/ka/1365-სპორტული-შარვალი
,https://dressup.ge/ka/18-qalis_shorti
,https://dressup.ge/ka/25-qalis-kaba
,https://dressup.ge/ka/19-qalis-maisuri
,https://dressup.ge/ka/20-პერანგი-ბლუზი
,https://dressup.ge/ka/21-qalis-jempri-jaketi
,https://dressup.ge/ka/22-qalis_qurtuki
,https://dressup.ge/ka/23-qalis_jileti
,https://dressup.ge/ka/24-qalis_pijaki
,https://dressup.ge/ka/26-qalis_qvedabolo
,https://dressup.ge/ka/27-qalis_kombinizoni
,https://dressup.ge/ka/89-qalis-tetreuli
,https://dressup.ge/ka/1324-biusthalteri
,https://dressup.ge/ka/1325-trusi
,https://dressup.ge/ka/1326-mtliani-tetreuli
,https://dressup.ge/ka/1327-gamis-tetreuli
,https://dressup.ge/ka/1328-tetreulis-aqsesuarebi
,https://dressup.ge/ka/1315-qali-sacurao-kostumi
,https://dressup.ge/ka/1331-sacurao-busthalteri
,https://dressup.ge/ka/1332--
,https://dressup.ge/ka/1333-sacurao-kostumi
,https://dressup.ge/ka/1334-საზღვაო-ტუნიკი
,https://dressup.ge/ka/1335-საზღვაო-პარეო
,https://dressup.ge/ka/1378-ქალის-კომპლექტები
,https://dressup.ge/ka/10-qalis-fexsacmeli
,https://dressup.ge/ka/37-qalis-fexsacmeli-klasikuri
,https://dressup.ge/ka/38-qalis-fexsacmeli-yoveldgiuri
,https://dressup.ge/ka/39-qalis-fexasacmeli-kedi-sportuli
,https://dressup.ge/ka/1288-qalis-fexsacmeli-espadrili
,https://dressup.ge/ka/40-qalis-fexsacmeli-shuzi-batinki
,https://dressup.ge/ka/41-qalis-fexsacmeli-cheqma-naxevarcheqma
,https://dressup.ge/ka/42-chusti-sandali-qoshi
,https://dressup.ge/ka/43-qalis-fexsacmeli-quslze
,https://dressup.ge/ka/77-qalis-fexsacmeli-aqsesuarebi
,https://dressup.ge/ka/1319-qalis-fexsacmeli-movlis-sashualebebi
,https://dressup.ge/ka/1320-supinatori
,https://dressup.ge/ka/1321-mashveli
,https://dressup.ge/ka/13-qalis-aqsesuarebi
,https://dressup.ge/ka/54-qalis-chanta
,https://dressup.ge/ka/50-qalis-sharfi
,https://dressup.ge/ka/51-qalis-xeltatmani
,https://dressup.ge/ka/52-qalis-safule
,https://dressup.ge/ka/86-qalis-bendena
,https://dressup.ge/ka/53-qalis-qamari
,https://dressup.ge/ka/1308-qalis-saatebi
,https://dressup.ge/ka/55-qalis-qudi
,https://dressup.ge/ka/56-qalis-winda
,https://dressup.ge/ka/57-qalis-satvale
,https://dressup.ge/ka/1306-samkauli
,https://dressup.ge/ka/1309-bechedi
,https://dressup.ge/ka/1310-sayure
,https://dressup.ge/ka/1311-womens-yelsabami
,https://dressup.ge/ka/90-qalis-samajuri
,https://dressup.ge/ka/1298-sxva
,https://dressup.ge/ka/92-qalis-halstuxi
,https://dressup.ge/ka/93-qalis-achimebi
,https://dressup.ge/ka/91-qalis-matara
,https://dressup.ge/ka/87-qalis-gsaagebis-sakidi
,https://dressup.ge/ka/1312-qalis-tmis-aqsesuari
,https://dressup.ge/ka/1313-qalis-pirsakhoci
,https://dressup.ge/ka/1373-ყავის-ფილტრი
,https://dressup.ge/ka/1374-თერმო-ჭიქა
,https://dressup.ge/ka/1386-სამგზავრო-ბალიში
,https://dressup.ge/ka/1387-ქოლგა
,https://dressup.ge/ka/1399-qalis-sunamo
,https://dressup.ge/ka/1401-სამგზავრო-ჩანთის-აქსესუარები
,https://dressup.ge/ka/1389-ჩანთის-სანიშნი
,https://dressup.ge/ka/1398-ჩანთის-სანიშნი
,https://dressup.ge/ka/1395-ჩანთის-ჩასადები
,https://dressup.ge/ka/1391-საკეტი
,https://dressup.ge/ka/75-mamakaci
,https://dressup.ge/ka/8-mamakacis-tansacmeli
,https://dressup.ge/ka/28-mamakacis-jinsi
,https://dressup.ge/ka/29-mamakacis-sharvali
,https://dressup.ge/ka/1366-სპორტული-შარვალი
,https://dressup.ge/ka/30-mamakacis-shorti
,https://dressup.ge/ka/31-mamakacis-maisuri
,https://dressup.ge/ka/1367-mamakacis-polo-maisuri
,https://dressup.ge/ka/32-mamakacis-perangi
,https://dressup.ge/ka/33-mamakacis-jempri-jaketi
,https://dressup.ge/ka/34-mamakacis_qurtuki
,https://dressup.ge/ka/35-mamakacis-jileti
,https://dressup.ge/ka/36-mamakacis-pijaki
,https://dressup.ge/ka/1317-qalis_kombinizoni
,https://dressup.ge/ka/63-mamakacis-tetreuli
,https://dressup.ge/ka/1316-mamakacis-sacurao-kostumi
,https://dressup.ge/ka/1380-კაცის-კომპლექტები
,https://dressup.ge/ka/11-mamakacis-fexsacmeli
,https://dressup.ge/ka/44-mamakacis-fexsacmeli-klasikuri
,https://dressup.ge/ka/45-mamakacis-fexsacmeli-yoveldgiuri
,https://dressup.ge/ka/46-mamakacis-fexasacmeli-sportuli-kedi
,https://dressup.ge/ka/1289-mamakacis-fexsacmeli-espadrili
,https://dressup.ge/ka/47-mamakcis-fexsacmeli-shuzi-batinki
,https://dressup.ge/ka/48-mamakcis-fexsacmeli-sandali-chusti
,https://dressup.ge/ka/78-ფეხსაცმლის-აქსესუარები
,https://dressup.ge/ka/1322-mamakacis-fexsacmeli-movlis-sashualebebi
,https://dressup.ge/ka/1371-supinatori
,https://dressup.ge/ka/1372-fekhsacmlis-mashveli
,https://dressup.ge/ka/14-mamakacis-aqsesuarebi
,https://dressup.ge/ka/64-mamakacis-chanta
,https://dressup.ge/ka/58-mamakacis-sharfi
,https://dressup.ge/ka/59-mamakacis-xeltatmani
,https://dressup.ge/ka/60-mamakacis-safule
,https://dressup.ge/ka/61-mamakacis-bendena
,https://dressup.ge/ka/62-mamakacis-qamari
,https://dressup.ge/ka/65-mamakacis-samajuri
,https://dressup.ge/ka/67-mamakacis-qudi
,https://dressup.ge/ka/68-mamakacis-winda
,https://dressup.ge/ka/72-mamakacis-satvale
,https://dressup.ge/ka/1307-mamakacis-saati
,https://dressup.ge/ka/1299-sxva
,https://dressup.ge/ka/70-mamakacis-halstuxi
,https://dressup.ge/ka/71-mamakacis-achimebi
,https://dressup.ge/ka/69-mamakacis-matara
,https://dressup.ge/ka/66-mamakacis-gsaagebis-sakidi
,https://dressup.ge/ka/1314-mamakacis-pirsaxoci
,https://dressup.ge/ka/1375-თერმოსი
,https://dressup.ge/ka/1376-ყავის-ფილტრი
,https://dressup.ge/ka/1377-თერმო-ჭიქა
,https://dressup.ge/ka/1381-სამგზავრო-ბალიში
,https://dressup.ge/ka/1383-ქოლგა
,https://dressup.ge/ka/1384-ჩანთის-სანიშნი
,https://dressup.ge/ka/1390-საკეტი
,https://dressup.ge/ka/1393-ჩანთის-ჩასადები
,https://dressup.ge/ka/1397-ჩანთის-სანიშნი
,https://dressup.ge/ka/1400-სუნამო
,https://dressup.ge/ka/76-bavshvi
,https://dressup.ge/ka/9-bavshvis-tansacmeli
,https://dressup.ge/ka/1336-bavshvis_jinsi
,https://dressup.ge/ka/1337-bavshvis_sharvali
,https://dressup.ge/ka/1338-bavsvhis_shorti
,https://dressup.ge/ka/1339-bavshvis_maisuri
,https://dressup.ge/ka/1340-bavshvis_perangi-bluzi
,https://dressup.ge/ka/1341-bavshvis_jempri-zhaketi
,https://dressup.ge/ka/1342-bavshvis_qurtuki
,https://dressup.ge/ka/1343-bavshvis_zhileti
,https://dressup.ge/ka/1344-bavshvis_pijaki
,https://dressup.ge/ka/1345-bavshvis_kaba
,https://dressup.ge/ka/1346-bavshvis_qvedabolo
,https://dressup.ge/ka/1347-bavshvis_kombinizoni
,https://dressup.ge/ka/1348-bavshvis_tetreuli
,https://dressup.ge/ka/1349-bavshvis_sacurao-kostumebi
,https://dressup.ge/ka/1350-bavshvis_bode
,https://dressup.ge/ka/1351-bavshvis_kompleqtebi
,https://dressup.ge/ka/12-bavshvis-fexsacmeli
,https://dressup.ge/ka/84-bavshvis-fexsacmeli-yoveldgiuri
,https://dressup.ge/ka/49-bavshvis-fexasacmeli-kedi-sportuli
,https://dressup.ge/ka/1290-bavshvis-fexsacmeli-espadrili
,https://dressup.ge/ka/79-bavshvis-fexsacmeli-shuzi-batinki
,https://dressup.ge/ka/1323-bavshvis-fexsacmeli-sandali-chusti
,https://dressup.ge/ka/15-bavshvis-aqsesuarebi
,https://dressup.ge/ka/73-bavshvis-winda
,https://dressup.ge/ka/1352-ჩანთა
,https://dressup.ge/ka/1353-შარფი
,https://dressup.ge/ka/1354-ხელთათმანი
,https://dressup.ge/ka/1355-საფულე
,https://dressup.ge/ka/1356-ბენდენა
,https://dressup.ge/ka/1357-ქამარი
,https://dressup.ge/ka/1358-საათი
,https://dressup.ge/ka/1359-ქუდი
,https://dressup.ge/ka/1360-სათვალე
,https://dressup.ge/ka/1361-სხვა
,https://dressup.ge/ka/prices-drop
,https://dressup.ge/ka/1363-ბოლო-ერთეულები
,
,
,https://dressup.ge/
,https://dressup.ge/ka/my-account
,
,https://dressup.ge/ka/blog/siaxleebi/%E1%83%A0%E1%83%94%E1%83%91%E1%83%90%E1%83%9C%E1%83%99%E1%83%98
,https://dressup.ge/ka/blog/siaxleebi/%E1%83%A4%E1%83%90%E1%83%A1%E1%83%93%E1%83%90%E1%83%99%E1%83%9A%E1%83%94%E1%83%91%E1%83%98%E1%83%A1-%E1%83%91%E1%83%9D%E1%83%9A%E1%83%9D-%E1%83%94%E1%83%A2%E1%83%90%E1%83%9E%E1%83%98
,https://dressup.ge/blog/siaxleebi/%E1%83%9B%E1%83%98%E1%83%98%E1%83%A6%E1%83%94-50-%E1%83%9A%E1%83%90%E1%83%A0%E1%83%98-%E1%83%A1%E1%83%90%E1%83%A9%E1%83%A3%E1%83%A5%E1%83%A0%E1%83%90%E1%83%93
,https://dressup.ge/new-products
,https://dressup.ge/prices-drop?order=product.date_add.desc
,https://dressup.ge/1368-online-exclusive
,https://dressup.ge/76-bavshvi
,https://dressup.ge/ka/qalis_qvedabolo/56610-287575-yas-26022686-black-2.html#/2-ზომა-m_საშ
,#
,#
,https://dressup.ge/ka/qalis_qvedabolo/56610-287575-yas-26022686-black-2.html#/2-ზომა-m_საშ
,https://dressup.ge/ka/qalis_qvedabolo/56610-yas-26022686-black-2.html
,https://dressup.ge/ka/qalis-maisuri/59785-300612-yas-26026095-zephyr-2.html#/2-ზომა-m_საშ
,#
,#
,https://dressup.ge/ka/qalis-maisuri/59785-300612-yas-26026095-zephyr-2.html#/2-ზომა-m_საშ
,https://dressup.ge/ka/qalis-maisuri/59785-yas-26026095-zephyr-2.html
,https://dressup.ge/ka/qalis-kaba/71433-362799-yas-yasyves-ls-dress-w-.html#/25-ზომა-xs
,#
,#
,https://dressup.ge/ka/qalis-kaba/71433-362799-yas-yasyves-ls-dress-w-.html#/25-ზომა-xs
,https://dressup.ge/ka/qalis-kaba/71433-yas-yasyves-ls-dress-w-.html
,https://dressup.ge/ka/qalis-kaba/71434-362803-yas-yasyves-ls-dress-w-.html#/25-ზომა-xs
,#
,#
,https://dressup.ge/ka/qalis-kaba/71434-362803-yas-yasyves-ls-dress-w-.html#/25-ზომა-xs
,https://dressup.ge/ka/qalis-kaba/71434-yas-yasyves-ls-dress-w-.html
,https://dressup.ge/ka/qalis-jempri-jaketi/56625-287628-yas-26024678-cuban-sand-2.html#/2-ზომა-m_საშ
,#
,#
,https://dressup.ge/ka/qalis-jempri-jaketi/56625-287628-yas-26024678-cuban-sand-2.html#/2-ზომა-m_საშ
,https://dressup.ge/ka/qalis-jempri-jaketi/56625-yas-26024678-cuban-sand-2.html
,https://dressup.ge/ka/qalis-jempri-jaketi/56627-287632-yas-26024678-ermine-2.html#/2-ზომა-m_საშ
,#
,#
,https://dressup.ge/ka/qalis-jempri-jaketi/56627-287632-yas-26024678-ermine-2.html#/2-ზომა-m_საშ
,https://dressup.ge/ka/qalis-jempri-jaketi/56627-yas-26024678-ermine-2.html
,https://dressup.ge/ka/qalis-kaba/59787-300622-yas-26025604-candied-ginger-2.html#/2-ზომა-m_საშ
,#
,#
,https://dressup.ge/ka/qalis-kaba/59787-300622-yas-26025604-candied-ginger-2.html#/2-ზომა-m_საშ
,https://dressup.ge/ka/qalis-kaba/59787-yas-26025604-candied-ginger-2.html
,https://dressup.ge/ka/qalis_qvedabolo/70675-359013-yas-yaswabli-hw-short-skirt.html#/2-ზომა-m_საშ
,#
,#
,https://dressup.ge/ka/qalis_qvedabolo/70675-359013-yas-yaswabli-hw-short-skirt.html#/2-ზომა-m_საშ
,https://dressup.ge/ka/qalis_qvedabolo/70675-yas-yaswabli-hw-short-skirt.html
,https://dressup.ge/ka/qalis-kaba/71430-362786-yas-yasvinna-ls-dress.html#/2-ზომა-m_საშ
,#
,#
,https://dressup.ge/ka/qalis-kaba/71430-362786-yas-yasvinna-ls-dress.html#/2-ზომა-m_საშ
,https://dressup.ge/ka/qalis-kaba/71430-yas-yasvinna-ls-dress.html
,https://dressup.ge/ka/qalis-jempri-jaketi/70676-359018-yas-yasvinita-ls-knit-.html#/2-ზომა-m_საშ
,#
,#
,https://dressup.ge/ka/qalis-jempri-jaketi/70676-359018-yas-yasvinita-ls-knit-.html#/2-ზომა-m_საშ
,https://dressup.ge/ka/qalis-jempri-jaketi/70676-yas-yasvinita-ls-knit-.html
,https://dressup.ge/ka/new-products
,https://dressup.ge/ka/qalis-saatebi/83976-418650-GUESS-GW0033L7-.html#/252-ზომა-ერთი_ზომა
,#
,#
,https://dressup.ge/ka/qalis-saatebi/83976-418650-GUESS-GW0033L7-.html#/252-ზომა-ერთი_ზომა
,https://dressup.ge/ka/qalis-saatebi/83976-GUESS-GW0033L7-.html
,https://dressup.ge/ka/qalis-satvale/83731-418405-GUESS-GU7877-5657B-.html#/252-ზომა-ერთი_ზომა
,#
,#
,https://dressup.ge/ka/qalis-satvale/83731-418405-GUESS-GU7877-5657B-.html#/252-ზომა-ერთი_ზომა
,https://dressup.ge/ka/qalis-satvale/83731-GUESS-GU7877-5657B-.html
,https://dressup.ge/ka/qalis-satvale/83730-418404-GUESS-GU7877-5620W-.html#/252-ზომა-ერთი_ზომა
,#
,#
,https://dressup.ge/ka/qalis-satvale/83730-418404-GUESS-GU7877-5620W-.html#/252-ზომა-ერთი_ზომა
,https://dressup.ge/ka/qalis-satvale/83730-GUESS-GU7877-5620W-.html
,https://dressup.ge/ka/qalis-satvale/83729-418403-GUESS-GU7877-5601B-.html#/252-ზომა-ერთი_ზომა
,#
,#
,https://dressup.ge/ka/qalis-satvale/83729-418403-GUESS-GU7877-5601B-.html#/252-ზომა-ერთი_ზომა
,https://dressup.ge/ka/qalis-satvale/83729-GUESS-GU7877-5601B-.html
,https://dressup.ge/ka/qalis-satvale/83717-418391-GUESS-GM0830-6133W-.html#/252-ზომა-ერთი_ზომა
,#
,#
,https://dressup.ge/ka/qalis-satvale/83717-418391-GUESS-GM0830-6133W-.html#/252-ზომა-ერთი_ზომა
,https://dressup.ge/ka/qalis-satvale/83717-GUESS-GM0830-6133W-.html
,https://dressup.ge/ka/qalis-satvale/83716-418390-GUESS-GM0830-6128F-.html#/252-ზომა-ერთი_ზომა
,#
,#
,https://dressup.ge/ka/qalis-satvale/83716-418390-GUESS-GM0830-6128F-.html#/252-ზომა-ერთი_ზომა
,https://dressup.ge/ka/qalis-satvale/83716-GUESS-GM0830-6128F-.html
,https://dressup.ge/ka/qalis-satvale/83715-418389-GUESS-GM0829-5928T-.html#/252-ზომა-ერთი_ზომა
,#
,#
,https://dressup.ge/ka/qalis-satvale/83715-418389-GUESS-GM0829-5928T-.html#/252-ზომა-ერთი_ზომა
,https://dressup.ge/ka/qalis-satvale/83715-GUESS-GM0829-5928T-.html
,https://dressup.ge/ka/qalis-satvale/83714-418388-GUESS-GM0829-5928F-.html#/252-ზომა-ერთი_ზომა
,#
,#
,https://dressup.ge/ka/qalis-satvale/83714-418388-GUESS-GM0829-5928F-.html#/252-ზომა-ერთი_ზომა
,https://dressup.ge/ka/qalis-satvale/83714-GUESS-GM0829-5928F-.html
,https://dressup.ge/ka/trusi/83713-418384-CALVIN-KLEIN-000QF7222E-AD6-.html#/25-ზომა-xs
,#
,#
,https://dressup.ge/ka/trusi/83713-418384-CALVIN-KLEIN-000QF7222E-AD6-.html#/25-ზომა-xs
,https://dressup.ge/ka/trusi/83713-CALVIN-KLEIN-000QF7222E-AD6-.html
,https://dressup.ge/ka/trusi/83712-418380-CALVIN-KLEIN-000QF7188E-P7X-.html#/25-ზომა-xs
,#
,#
,https://dressup.ge/ka/trusi/83712-418380-CALVIN-KLEIN-000QF7188E-P7X-.html#/25-ზომა-xs
,https://dressup.ge/ka/trusi/83712-CALVIN-KLEIN-000QF7188E-P7X-.html
,http://airstep.ge/ka/1318-%E1%83%A5%E1%83%90%E1%83%A0%E1%83%97%E1%83%A3%E1%83%9A%E1%83%98-%E1%83%91%E1%83%A0%E1%83%94%E1%83%9C%E1%83%93%E1%83%94%E1%83%91%E1%83%98
,https://dressup.ge/brand/122-vero-moda
,https://dressup.ge/brand/128-only-sons
,https://dressup.ge/brand/134-yas
,https://dressup.ge/ka/brand/168-selected-homme
,https://dressup.ge/ka/1368-online-exclusive
,https://dressup.ge/ka/qalis_jileti/60036-301422-yas-26027935-radiant-yellow-2.html#/2-ზომა-m_საშ
,#
,#
,https://dressup.ge/ka/qalis_jileti/60036-301422-yas-26027935-radiant-yellow-2.html#/2-ზომა-m_საშ
,https://dressup.ge/ka/qalis_jileti/60036-yas-26027935-radiant-yellow-2.html
,https://dressup.ge/ka/qalis-kaba/82416-412755-perspective-maris-dress-.html#/25-ზომა-xs
,#
,#
,https://dressup.ge/ka/qalis-kaba/82416-412755-perspective-maris-dress-.html#/25-ზომა-xs
,https://dressup.ge/ka/qalis-kaba/82416-perspective-maris-dress-.html
,https://dressup.ge/ka/sacurao-kostumi/81720-409393-vero-moda-vmanita-swimsuit.html#/2-ზომა-m_საშ
,#
,#
,https://dressup.ge/ka/sacurao-kostumi/81720-409393-vero-moda-vmanita-swimsuit.html#/2-ზომა-m_საშ
,https://dressup.ge/ka/sacurao-kostumi/81720-vero-moda-vmanita-swimsuit.html
,https://dressup.ge/ka/qalis_pijaki/80072-401791-noisy-may-nmanne-milla-ls-linen-blazer.html#/2-ზომა-m_საშ
,#
,#
,https://dressup.ge/ka/qalis_pijaki/80072-401791-noisy-may-nmanne-milla-ls-linen-blazer.html#/2-ზომა-m_საშ
,https://dressup.ge/ka/qalis_pijaki/80072-noisy-may-nmanne-milla-ls-linen-blazer.html
,https://dressup.ge/ka/qalis-fexasacmeli-kedi-sportuli/70055-355907-roxy-harper-j-shoe-mu1.html#/93-ზომა-41
,#
,#
,https://dressup.ge/ka/qalis-fexasacmeli-kedi-sportuli/70055-355907-roxy-harper-j-shoe-mu1.html#/93-ზომა-41
,https://dressup.ge/ka/qalis-fexasacmeli-kedi-sportuli/70055-roxy-harper-j-shoe-mu1.html
,https://dressup.ge/ka/mamakacis-maisuri/77438-388717-only-sons-onsart-rlx-ss-tee.html#/3-ზომა-l_დიდი
,#
,#
,https://dressup.ge/ka/mamakacis-maisuri/77438-388717-only-sons-onsart-rlx-ss-tee.html#/3-ზომა-l_დიდი
,https://dressup.ge/ka/mamakacis-maisuri/77438-only-sons-onsart-rlx-ss-tee.html
,https://dressup.ge/ka/sayure/80493-403513-pieces-pcberit-earring-box-sww.html#/252-ზომა-ერთი_ზომა
,#
,#
,https://dressup.ge/ka/sayure/80493-403513-pieces-pcberit-earring-box-sww.html#/252-ზომა-ერთი_ზომა
,https://dressup.ge/ka/sayure/80493-pieces-pcberit-earring-box-sww.html
,https://dressup.ge/ka/qalis-chanta/79344-397525-GAUDI-V0A71560-V0094-.html#/252-ზომა-ერთი_ზომა
,#
,#
,https://dressup.ge/ka/qalis-chanta/79344-397525-GAUDI-V0A71560-V0094-.html#/252-ზომა-ერთი_ზომა
,https://dressup.ge/ka/qalis-chanta/79344-GAUDI-V0A71560-V0094-.html
,https://dressup.ge/ka/qalis_pijaki/82968-414904-somethingnew-by-vero-moda-snjackie-oversize-blazer-d3.html#/25-ზომა-xs
,#
,#
,https://dressup.ge/ka/qalis_pijaki/82968-414904-somethingnew-by-vero-moda-snjackie-oversize-blazer-d3.html#/25-ზომა-xs
,https://dressup.ge/ka/qalis_pijaki/82968-somethingnew-by-vero-moda-snjackie-oversize-blazer-d3.html
,https://dressup.ge/ka/mamakacis-maisuri/79483-398570-bikkembergs-t-shirt-round-neck.html#/1-ზომა-s_პატ
,#
,#
,https://dressup.ge/ka/mamakacis-maisuri/79483-398570-bikkembergs-t-shirt-round-neck.html#/1-ზომა-s_პატ
,https://dressup.ge/ka/mamakacis-maisuri/79483-bikkembergs-t-shirt-round-neck.html
,https://dressup.ge/ka/1318-%E1%83%A5%E1%83%90%E1%83%A0%E1%83%97%E1%83%A3%E1%83%9A%E1%83%98-%E1%83%91%E1%83%A0%E1%83%94%E1%83%9C%E1%83%93%E1%83%94%E1%83%91%E1%83%98
,https://dressup.ge/brand/119-atrio-x-ruso-danelia
,https://dressup.ge/brand/126-studioline
,https://dressup.ge/brand/131-savali
,https://dressup.ge/ka/76-bavshvi
,https://dressup.ge/ka/bavshvis-fexasacmeli-kedi-sportuli/83589-417804-NIKE-CN8560-405-.html#/464-ზომა-17
,#
,#
,https://dressup.ge/ka/bavshvis-fexasacmeli-kedi-sportuli/83589-417804-NIKE-CN8560-405-.html#/464-ზომა-17
,https://dressup.ge/ka/bavshvis-fexasacmeli-kedi-sportuli/83589-NIKE-CN8560-405-.html
,https://dressup.ge/ka/bavshvis-fexasacmeli-kedi-sportuli/83588-417792-NIKE-CN8559-405-.html#/231-ზომა-271_2
,#
,#
,https://dressup.ge/ka/bavshvis-fexasacmeli-kedi-sportuli/83588-417792-NIKE-CN8559-405-.html#/231-ზომა-271_2
,https://dressup.ge/ka/bavshvis-fexasacmeli-kedi-sportuli/83588-NIKE-CN8559-405-.html
,https://dressup.ge/ka/bavshvis_jinsi/83651-418124-CALVIN-KLEIN-IG0IG01913-1AA-.html#/347-ზომა-4_წელი
,#
,#
,https://dressup.ge/ka/bavshvis_jinsi/83651-418124-CALVIN-KLEIN-IG0IG01913-1AA-.html#/347-ზომა-4_წელი
,https://dressup.ge/ka/bavshvis_jinsi/83651-CALVIN-KLEIN-IG0IG01913-1AA-.html
,https://dressup.ge/ka/bavsvhis_shorti/83650-418118-CALVIN-KLEIN-IU0IU00291-SCB-.html#/347-ზომა-4_წელი
,#
,#
,https://dressup.ge/ka/bavsvhis_shorti/83650-418118-CALVIN-KLEIN-IU0IU00291-SCB-.html#/347-ზომა-4_წელი
,https://dressup.ge/ka/bavsvhis_shorti/83650-CALVIN-KLEIN-IU0IU00291-SCB-.html
,https://dressup.ge/ka/bavsvhis_shorti/83649-418111-CALVIN-KLEIN-IB0IB01604-1A4-.html#/347-ზომა-4_წელი
,#
,#
,https://dressup.ge/ka/bavsvhis_shorti/83649-418111-CALVIN-KLEIN-IB0IB01604-1A4-.html#/347-ზომა-4_წელი
,https://dressup.ge/ka/bavsvhis_shorti/83649-CALVIN-KLEIN-IB0IB01604-1A4-.html
,https://dressup.ge/ka/bavshvis_jinsi/83648-418104-CALVIN-KLEIN-IB0IB01589-1AA-.html#/347-ზომა-4_წელი
,#
,#
,https://dressup.ge/ka/bavshvis_jinsi/83648-418104-CALVIN-KLEIN-IB0IB01589-1AA-.html#/347-ზომა-4_წელი
,https://dressup.ge/ka/bavshvis_jinsi/83648-CALVIN-KLEIN-IB0IB01589-1AA-.html
,https://dressup.ge/ka/bavshvis_maisuri/83647-418097-CALVIN-KLEIN-IB0IB01751-PGB-.html#/347-ზომა-4_წელი
,#
,#
,https://dressup.ge/ka/bavshvis_maisuri/83647-418097-CALVIN-KLEIN-IB0IB01751-PGB-.html#/347-ზომა-4_წელი
,https://dressup.ge/ka/bavshvis_maisuri/83647-CALVIN-KLEIN-IB0IB01751-PGB-.html
,https://dressup.ge/ka/bavsvhis_shorti/83065-415499-jack-jones-jpstterry-sweat-shorts-at-jnr.html#/354-ზომა-10_წელი
,#
,#
,https://dressup.ge/ka/bavsvhis_shorti/83065-415499-jack-jones-jpstterry-sweat-shorts-at-jnr.html#/354-ზომა-10_წელი
,https://dressup.ge/ka/bavsvhis_shorti/83065-jack-jones-jpstterry-sweat-shorts-at-jnr.html
,https://dressup.ge/ka/bavsvhis_shorti/83064-415495-jack-jones-jpstterry-sweat-shorts-at-jnr.html#/352-ზომა-8_წელი
,#
,#
,https://dressup.ge/ka/bavsvhis_shorti/83064-415495-jack-jones-jpstterry-sweat-shorts-at-jnr.html#/352-ზომა-8_წელი
,https://dressup.ge/ka/bavsvhis_shorti/83064-jack-jones-jpstterry-sweat-shorts-at-jnr.html
,https://dressup.ge/ka/bavshvis_jempri-zhaketi/80271-402847-CALVIN-KLEIN-IB0IB01626-CYR-.html#/347-ზომა-4_წელი
,#
,#
,https://dressup.ge/ka/bavshvis_jempri-zhaketi/80271-402847-CALVIN-KLEIN-IB0IB01626-CYR-.html#/347-ზომა-4_წელი
,https://dressup.ge/ka/bavshvis_jempri-zhaketi/80271-CALVIN-KLEIN-IB0IB01626-CYR-.html
,https://dressup.ge/ka/1363-%E1%83%91%E1%83%9D%E1%83%9A%E1%83%9D-%E1%83%94%E1%83%A0%E1%83%97%E1%83%94%E1%83%A3%E1%83%9A%E1%83%94%E1%83%91%E1%83%98
,https://dressup.ge/ka/qalis-qamari/60839-304587-guess-bw7675-vin25-npy-2.html#/1-ზომა-s_პატ
,#
,#
,https://dressup.ge/ka/qalis-qamari/60839-304587-guess-bw7675-vin25-npy-2.html#/1-ზომა-s_პატ
,https://dressup.ge/ka/qalis-qamari/60839-guess-bw7675-vin25-npy-2.html
,https://dressup.ge/ka/bavshvis_maisuri/51028-264441-Levis®-8ED580-B5S-2.html#/352-ზომა-8_წელი
,#
,#
,https://dressup.ge/ka/bavshvis_maisuri/51028-264441-Levis®-8ED580-B5S-2.html#/352-ზომა-8_წელი
,https://dressup.ge/ka/bavshvis_maisuri/51028-Levis®-8ED580-B5S-2.html
,https://dressup.ge/ka/ქუდი/77575-389592-CALVIN-KLEIN-IU0IU00427-BEH-.html#/161-ზომა-s_m
,#
,#
,https://dressup.ge/ka/ქუდი/77575-389592-CALVIN-KLEIN-IU0IU00427-BEH-.html#/161-ზომა-s_m
,https://dressup.ge/ka/ქუდი/77575-CALVIN-KLEIN-IU0IU00427-BEH-.html
,https://dressup.ge/ka/mamakacis-tetreuli/59521-299547-tommy-jeans-um0um01564-00r-2.html#/1-ზომა-s_პატ
,#
,#
,https://dressup.ge/ka/mamakacis-tetreuli/59521-299547-tommy-jeans-um0um01564-00r-2.html#/1-ზომა-s_პატ
,https://dressup.ge/ka/mamakacis-tetreuli/59521-tommy-jeans-um0um01564-00r-2.html
,https://dressup.ge/ka/mamakacis-perangi/14486-76920-Lacoste-CH4991-T01-2.html#/118-წელის_ზომა-39
,#
,#
,https://dressup.ge/ka/mamakacis-perangi/14486-76920-Lacoste-CH4991-T01-2.html#/118-წელის_ზომა-39
,https://dressup.ge/ka/mamakacis-perangi/14486-Lacoste-CH4991-T01-2.html
,https://dressup.ge/ka/mamakacis-perangi/48064-250792-mavi-021927-35021-2.html#/1-ზომა-s_პატ
,#
,#
,https://dressup.ge/ka/mamakacis-perangi/48064-250792-mavi-021927-35021-2.html#/1-ზომა-s_პატ
,https://dressup.ge/ka/mamakacis-perangi/48064-mavi-021927-35021-2.html
,https://dressup.ge/ka/qalis-tetreuli/33292-170518-ETAM-6498786-05-2.html#/1-ზომა-s_პატ
,#
,#
,https://dressup.ge/ka/qalis-tetreuli/33292-170518-ETAM-6498786-05-2.html#/1-ზომა-s_პატ
,https://dressup.ge/ka/qalis-tetreuli/33292-ETAM-6498786-05-2.html
,https://dressup.ge/ka/trusi/73040-369211-ETAM-6535240-05-.html#/200-ზომა-34
,#
,#
,https://dressup.ge/ka/trusi/73040-369211-ETAM-6535240-05-.html#/200-ზომა-34
,https://dressup.ge/ka/trusi/73040-ETAM-6535240-05-.html
,https://dressup.ge/ka/kedi-sportuli/71677-363845-ICEBERG-ID18650E-COMB-ORANGE-.html#/89-ზომა-37
,#
,#
,https://dressup.ge/ka/kedi-sportuli/71677-363845-ICEBERG-ID18650E-COMB-ORANGE-.html#/89-ზომა-37
,https://dressup.ge/ka/kedi-sportuli/71677-ICEBERG-ID18650E-COMB-ORANGE-.html
,https://dressup.ge/ka/bavshvis_jempri-zhaketi/47243-246624-NAME-IT-13192003-Dark-Grey-2.html#/349-ზომა-6_წელი
,#
,#
,https://dressup.ge/ka/bavshvis_jempri-zhaketi/47243-246624-NAME-IT-13192003-Dark-Grey-2.html#/349-ზომა-6_წელი
,https://dressup.ge/ka/bavshvis_jempri-zhaketi/47243-NAME-IT-13192003-Dark-Grey-2.html
,https://dressup.ge/ka/blog/siaxleebi/მოემზადე-ბანკეტისთვის-for-him
,https://dressup.ge/ka/blog/siaxleebi/მოემზადე-ბანკეტისთვის-for-him
,https://dressup.ge/ka/blog/siaxleebi/amex-შეთავაზება
,https://dressup.ge/ka/blog/siaxleebi/amex-შეთავაზება
,https://dressup.ge/ka/blog/siaxleebi/dressup-ჯგუფს-tommy-hilfiger-შემოუერთდა
,https://dressup.ge/ka/blog/siaxleebi/dressup-ჯგუფს-tommy-hilfiger-შემოუერთდა
,https://dressup.ge/ka/blog/siaxleebi/რებანკი
,https://dressup.ge/ka/blog/siaxleebi/რებანკი
,https://dressup.ge/ka/blog/siaxleebi/plus_40
,https://dressup.ge/ka/blog/siaxleebi/plus_40
,https://dressup.ge/ka/blog/siaxleebi/etam-x-likunasss-ჩვენება-სენ-ტროპეზე
,https://dressup.ge/ka/blog/siaxleebi/etam-x-likunasss-ჩვენება-სენ-ტროპეზე
,https://dressup.ge/ka/blog/siaxleebi/მოემზადე-ბანკეტისთვის
,https://dressup.ge/ka/blog/siaxleebi/მოემზადე-ბანკეტისთვის
,https://dressup.ge/ka/blog/siaxleebi/fashion
,https://dressup.ge/ka/blog/siaxleebi/fashion
,https://dressup.ge/ka/blog/siaxleebi/რატომ-უნდა-მიანიჭო-უპირატესობა-ბუნებრივი-ქსოვილის-ტანსაცმელს
,https://dressup.ge/ka/blog/siaxleebi/რატომ-უნდა-მიანიჭო-უპირატესობა-ბუნებრივი-ქსოვილის-ტანსაცმელს
,https://dressup.ge/ka/blog/siaxleebi/gant-პერანგების-წარმოებიდან-საკულტო-ბრენდის-შექმნამდე
,https://dressup.ge/ka/blog/siaxleebi/gant-პერანგების-წარმოებიდან-საკულტო-ბრენდის-შექმნამდე
,https://dressup.ge/ka/brand/4-lee
,https://dressup.ge/ka/brand/5-levis
,https://dressup.ge/ka/brand/7-vans
,https://dressup.ge/ka/brand/8-wrangler
,https://dressup.ge/ka/brand/47-fabi
,https://dressup.ge/ka/brand/50-lloyd
,https://dressup.ge/ka/brand/52-mavi
,https://dressup.ge/ka/brand/60-moreschi
,https://dressup.ge/ka/brand/63-converse
,https://dressup.ge/ka/brand/66-marco-tozzi
,https://dressup.ge/ka/brand/73-lacoste
,https://dressup.ge/ka/brand/79-birkenstock
,https://dressup.ge/ka/brand/83-guess
,https://dressup.ge/ka/brand/85-greyder
,https://dressup.ge/ka/brand/92-iceberg
,https://dressup.ge/ka/brand/93-adidas
,https://dressup.ge/ka/brand/95-nike
,https://dressup.ge/ka/brand/96-gant
,https://dressup.ge/ka/brand/97-only
,https://dressup.ge/ka/brand/102-tommy-jeans
,https://dressup.ge/ka/brand/109-new-balance
,https://dressup.ge/ka/brand/110-jackjones
,https://dressup.ge/ka/brand/117-etam
,https://dressup.ge/ka/brand/1-bensimon
,https://dressup.ge/ka/brand/44-calvin-klein
,https://dressup.ge/ka/brand/45-doucals
,https://dressup.ge/ka/brand/80-nº21
,https://dressup.ge/ka/brand/101-tommy-hilfiger
,https://dressup.ge/ka/brand/112-name-it
,https://dressup.ge/ka/brand/118-asics
,https://dressup.ge/ka/brand/122-vero-moda
,https://dressup.ge/ka/brand/48-henderson
,https://dressup.ge/ka/brand/114-reebok
,https://dressup.ge/ka/brand/123-ipanema
,https://dressup.ge/ka/brand/129-noisy-may
,https://dressup.ge/ka/brand/130-jeep
,https://www.facebook.com/www.Dressup.ge/
,https://www.instagram.com/dressup.ge
,https://www.youtube.com/channel/UC2RPYZWgh7XnMw5Cl9eEiHA
,https://ge.linkedin.com/company/dressup-group
,https://dressup.ge/ka/content/1-transportireba
,https://dressup.ge/ka/content/7-angarishscoreba
,https://dressup.ge/ka/content/8-dabruneba-da-gadacvla
,https://dressup.ge/ka/content/9-moxmarebis-cesebi-da-pirobebi
,https://dressup.ge/ka/content/10-kontaqti
,https://dressup.ge/ka/რუკა
,https://dressup.ge/ka/blog/instruqciebi
,https://dressup.ge/ka/%E1%83%A1%E1%83%90%E1%83%A1%E1%83%90%E1%83%A9%E1%83%A3%E1%83%A5%E1%83%A0%E1%83%94-%E1%83%91%E1%83%90%E1%83%A0%E1%83%90%E1%83%97%E1%83%94%E1%83%91%E1%83%98/53218-274596-%E1%83%A1%E1%83%90%E1%83%A1%E1%83%90%E1%83%A9%E1%83%A3%E1%83%A5%E1%83%A0%E1%83%94-%E1%83%91%E1%83%90%E1%83%A0%E1%83%90%E1%83%97%E1%83%98-.html#/478-%E1%83%A6%E1%83%98%E1%83%A0%E1%83%94%E1%83%91%E1%83%A3%E1%83%9A%E1%83%94%E1%83%91%E1%83%90-%E1%83%90%E1%83%98%E1%83%A0%E1%83%A9%E1%83%98%E1%83%94%E1%83%97_%E1%83%A6%E1%83%98%E1%83%A0%E1%83%94%E1%83%91%E1%83%A3%E1%83%9A%E1%83%94%E1%83%91%E1%83%90
,https://dressup.ge/ka/new-products
,https://dressup.ge/ka/prices-drop?order=product.date_add.desc
,https://dressup.ge/ka/1318-%E1%83%A5%E1%83%90%E1%83%A0%E1%83%97%E1%83%A3%E1%83%9A%E1%83%98-%E1%83%91%E1%83%A0%E1%83%94%E1%83%9C%E1%83%93%E1%83%94%E1%83%91%E1%83%98
,https://dressup.ge/ka/content/6-dressup-Jgufis-shesaxeb
,https://dressup.ge/ka/content/11-Dressup-Jgufis-istoria
,https://dressup.ge/ka/brands
,https://dressup.ge/ka/content/12-dressup-barati
,https://dressup.ge/ka/content/13-sasachuqre-barati
,https://dressup.ge/ka/content/15-chveni-magaziebi
,http://dressup.ge/index.php?fc=module&module=ph_simpleblog&controller=list&id_lang=2
,tel:(+995) 032 2 38 48 68
,mailto:info@dressup.ge | corporate@dressup.ge
,https://dressup.ge/ka/პაროლის აღდგენა
,&myfbLogin
,
,https://dressup.ge/ka/ავტორიზაცია?create_account=1
